{"cameraMode":{"drawMode":0,"name":"Shaded","section":"Shading Mode"},"sceneLighting":true,"audioPlay":false,"sceneViewState":{"m_AlwaysRefresh":false,"showFog":true,"showSkybox":true,"showFlares":true,"showImageEffects":true,"showParticleSystems":true,"showVisualEffectGraphs":true,"m_FxEnabled":true},"in2DMode":false,"pivot":{"x":-43.47487258911133,"y":-22.610055923461915,"z":25.829072952270509},"rotation":{"x":0.15030020475387574,"y":0.10950013995170593,"z":-0.01676587201654911,"w":0.9824562072753906},"size":58.78241729736328,"orthographic":false}